Accession Number,Sequence,Monoisotopic Mass
1,LRVAPEESPVL,1209.68376
2,LRVAPEEHPVLL,1372.7947
3,YAFGLamide,569.30821
4,YSFGLamide,585.30312
5,YTFGLamide,599.3188
6,YDFGLamide,613.298
7,SYAFGLamide,656.3402
8,SYDFGLamide,700.3301
9,GPYSFGLamide,739.3774
10,SPYAFGLamide,753.393
11,GQYAFGLamide,754.38825
12,EAYAFGLamide,769.3879
13,GGAYSFGLamide,770.38317
14,SDYAFGLamide,771.3672
15,NPYAFGLamide,780.4039
16,GGPYAFGLamide,780.4039
17,GPYEFGLamide,781.3879
18,DPYAFGLamide,781.38792
19,YAHSFGLamide,793.3991
20,AGPYAFGLamide,794.41955
21,EPYAFGLamide,795.40357
22,NPYSFGLamide,796.3988
23,GRYSFGLamide,798.4257
24,SGAYSFGLamide,800.3937
25,GHYNFGLamide,806.3944
26,AAPYAFGLamide,808.4352
27,SGPYAFGLamide,810.4145
28,AGPYSFGLamide,810.4145
29,SPYEFGLamide,811.3985
30,GGPYSYGLamide,812.3937
31,SVAYGFGLamide,812.4301
32,NSYDFGLamide,814.373
33,SQYTFGLamide,814.40938
34,VGPYAFGLamide,822.45085
35,TGPYAFGLamide,824.4301
36,ASPYAFGLamide,824.43012
37,AGQYAFGLamide,825.4254
38,SGPYSFGLamide,826.40938
39,TVAYGFGLamide,826.4458
40,GDPYAFGLamide,838.40938
41,GGPYEFGLamide,838.4094
42,NPYEFGLamide,838.4094
43,TAPYAFGLamide,838.4458
44,PSAYSFGLamide,840.425
45,AGGAYSFGLamide,841.42028
46,AGQYSFGLamide,841.4203
47,AGLYSYGLamide,842.4407
48,AGHYSFGLamide,850.4206
49,SGHYAFGLamide,850.4206
50,GKPYAFGLamide,851.4774
51,AGPYEFGLamide,852.425
52,ADPYAFGLamide,852.425
53,EPYEFGLamide,853.409
54,DGPYSFGLamide,854.4043
55,TPSYAFGLamide,854.44068
56,SGQYSFGLamide,857.4152
57,AAPYEFGLamide,866.4407
58,SGNYNFGLamide,870.4104
59,FNGCNFGLamide,870.3927
60,KMYDFGLamide,872.4335
61,PNPYAFGLamide,877.4567
62,RGPYAFGLamide,879.4835
63,TGGPYAFGLamide,881.4516
64,SAGPYAFGLamide,881.4516
65,TPNYAFGLamide,881.4516
66,ANQYAFGLamide,882.4468
67,SNPYSFGLamide,883.4308
68,PSMYAFGLamide,884.43349
69,ADLYSFGLamide,884.4512
70,ASQYTFGLamide,885.4465
71,DGMYSFGLamide,888.392
72,SGHYIFGLamide,892.4676
73,SGHYNFGLamide,893.4264
74,ARPYAFGLamide,893.4992
75,TAGPYAFGLamide,895.4672
76,FSGASPYGLamide,897.4465
77,ARGYDFGLamide,897.4577
78,PDMYGFGLamide,898.41275
79,GSGQYAFGLamide,898.44174
80,AKSYNFGLamide,898.4781
81,GGSLYSFGLamide,899.4621
82,QGMYSFGLamide,901.4236
83,ADMYSFGLamide,902.4077
84,PRVYGFGLamide,907.5148
85,ARPYSFGLamide,909.4941
86,PDLYSFGLamide,910.4669
87,QNNYGFGLamide,911.437
88,AASPYSFGLamide,911.4621
89,ARAYDFGLamide,911.4734
90,PDMYAFGLamide,912.4284
91,ANQYTFGLamide,912.4574
93,SDMYSFGLamide,918.4026
94,LPVYNFGLamide,921.51926
95,pQRAYSFGLamide,923.4734
96,KLPYSFGLamide,923.5349
97,SRPYSFGLamide,925.489
98,LKAYDFGLamide,925.5142
99,LVKYSFGLamide,925.5506
100,ATGQYAFGLamide,926.473
101,ARSYNFGLamide,926.4843
102,PDMYSFGLamide,928.4233
103,SSGQYAFGLamide,928.45231
104,SPHYNFGLamide,933.4577
106,SPHYDFGLamide,934.4417
107,LPLYNFGLamide,935.5349
108,PRNYAFGLamide,936.505
109,PRDYAFGLamide,937.48903
110,PRVYSFGLamide,937.5254
111,TRPYSFGLamide,939.5047
113,pQNMYSFGLamide,941.4186
114,pQRPYSFGLamide,949.489
115,pQRDYAFGLamide,951.4683
116,DRPYSFGLamide,953.4839
117,pQRTYSFGLamide,953.4839
118,LPMYNFGLamide,953.49134
119,DRLYAFGLamide,953.5203
120,SRQYSFGLamide,956.4948
121,DRTYSFGLamide,957.4789
122,APQPYAFGLamide,962.50943
123,pQRDYSFGLamide,967.4632
124,ERPYSFGLamide,967.49959
125,YSKFNFGLamide,974.5094
126,SKSPYSFGLamide,984.5149
127,FSGTYNFGLamide,1004.4836
128,TPHTYSFGLamide,1021.5102
129,PADLYEFGLamide,1023.51457
130,SPRLTYFGLamide,1052.5887
131,PATDLYAFGLamide,1066.55677
132,APTDMYSFGLamide,1100.5081
133,HGTEGPYPFGLamide,1173.62
134,HSPSSASYDFGLamide,1266.5749
135,EDYDSSDQYSLamide,1320.5226
136,ERDMHRFSFGLamide,1393.6794
137,PETERNSYDFGLamide,1426.6597
138,ANEDEDAASLFAFGLamide,1568.7227
139,ADSYGLAFGNGGDALEMGLamide,1856.8483
140,EVPDPETERNSYDFGLamide,1866.8504
141,PDAEESNKRDRLYAFGLamide,1979.9934
142,NEVPDPETERNSYDFGLamide,1980.8934
143,TSDEEDDEDDQYYPYGLamide,2052.7829
144,AYSYVSEYKRLPVYNFGLamide,2168.1175
145,DPYAFGLRHTSFVLYAFGLamide,2173.1229
146,EYDDMYTEKRPKVYAFGLamide,2224.0743
148,TARGALDLDQSPAYASDLGKRIGSAYSFGLamide,3099.5858
149,DARGALDLDQSPAYASDLGKRIGSAYSFGLamide,3113.5651
150,GYEDEDEDRPFYALGLGKRPRTYSFGLamide,3150.5279
151,GIYGFGLamide,725.3981
152,AWSALHGAWamide,997.5003
153,AWSNLGQAWamide,1031.5057
154,QWSSMRGAWamide,1107.51526
155,AGWSSMRGAWamide,1107.5153
156,AGWSSTSRAWamide,1107.533
158,NWNKFQGSWamide,1165.55375
159,AGWNKFQGSWamide,1179.5694
160,TSWGKFQGSWamide,1182.56907
161,VTWGKFQGSWamide,1194.6055
162,TGWNKFQGSWamide,1209.58
163,SGDWSSLRGAWamide,1220.5807
164,GNWNKFQGSWamide,1222.57522
165,GSNWSNLRGAWamide,1246.6076
166,NNWSGAFKGSWamide,1252.5858
167,NNWSKFQGSWamide,1252.5858
168,NDWSKFGQSWamide,1253.5698
169,GVNWSNLRGAWamide,1258.644
170,SGKWSNLRGAWamide,1260.65962
171,TNWNKFQGSWamide,1266.6014
172,SKWNKFQGSWamide,1266.63782
173,LGNWSNLRGAWamide,1272.6596
174,STNWSSLRSAWamide,1293.63346
175,STDWSSLRSAWamide,1294.6175
176,NNNWSKFQGSWamide,1366.62871
177,NPDWAHFRGSWamide,1371.6341
178,NNNWTKFQGSWamide,1380.6444
179,TQNWTKFQGSWamide,1381.6648
180,LNWNKFQGSWamide,1278.6378
181,VPNDWAHFRGSWamide,1470.70254
182,LGNWNKFQGSWamide,1335.6593
183,MFAPLAWPKGGARWamide,1586.8413
184,LNNNWSKFQGSWamide,1479.7128
185,LMFAPLAWPKGGARWamide,1699.9253
186,DPYAFGLGKRPADL,1519.7904
187,EPYAFGLGKRPATDL,1634.8537
188,DPYAFGLGKRPDMYGFGLamide,2002.9844
189,DPYAFGLGKRPDMYAFGLamide,2017
190,GSGQYAFGLGKKAGGAYSFGLamide,2035.0396
191,DPYAFGLGKRPADLYEFGLamide,2128.0862
192,EPYAFGLGKRPATDLYAFGLamide,2185.1441
193,pEVRFRQCYFNPISCF,1891.8618
194,SYWKQCAFNAVSCFamide,1650.7192
195,pQIRYHQcYFNPIScF,1900.8622
196,GFKNVEMMTARGFamide,1486.72935
197,RSYGECETLPSTIHISKEEYDDTGRLVRVCEEDVAVNKCEGACVSKVQPSVNTPSGFLKDCRCCREVHLRARDITLTHCYDGDGARLSGAKATQHVKLREPADCQCFKCGDSTR,12618.9812
198,DECSLRPVIHILSYPGCTSKPIPSFACQGRCTSYVQVSGSKLWQTERSMCCQESGEREAAITLNCPKPRPGEPKEKKVLTRAPIDCMCRPCTDVEEGTVLAQKIANFIQDSMPDSVPFLK,13257.4506
199,GLDLGLGRGFSGSQAAKHLMGLAAANFANFAGGPamide,3272.6746
200,PFCNAFTGCamide,956.37532
201,pELYAFPRVamide,976.5251
202,DIGDLLEGKD,1074.5313
203,SLFDPSCSGVFDRELLGRLNRVCDDCYNVFRDPKVAMECKSNCFLNPAFIQCLEYLLPEDLHEEYQSHQVVamide,8255.8778
204,pEVFDQACKGIYDRAIFKKLDRVCEDCYNLYRKPYVATTCRQNCYANSVFRQCLDDLLLIDVLDEYISGVQTVamide,8403.0943
206,pEIYDTSCKGVYDRGLFSDLEHVCDDCYNLYRNSYVASACRSNCYSNVVFRQVMEELLLMEEFDKYARAVQIVamide,8429.8942
207,QIYDSSCKGVYDRGLFSDLEHVCDDCYNLYRNSYVASACRSNCYSNVVFRQVMEELLLMEEFDKYARAVQIVamide,8431.9211
208,QIYDSSCKGVYDRGLFSDLEHVCDDCYNLYRNSYVASACRSNCYSNVVFRQCMEELLLMEEFDKYARAVQIV,8436.8459
209,QIYDTSCKGVYDRGLFSDLEHVCDDCYNLYRNSYVASACRSNCYSNVVFRQCMEELLLMDEFDKYARAVQIV,8436.8459
212,SFFDIQCKGNYDKSIFARLDRICEDCYNLFREPQLHSLCRSDFKSPYFKGCLQALLLIDEEEKFNQMVEILamide,8471.1357
213,pEVFDQACKGVYDRNLFKKLDRVCEDCYNLYRKPFVATTCRENCYSNWVFRQCLDDLLLSNVIDEYVSNVQM,8479.9939
214,pQIYDTSCKGVYDRALFNDLEHVCDDCYNLYRTSYVASACRSNCYSNLVFRQCMDDLLMMDEFDQYARKVQMVamide,8525.7853
215,pEVFDQACKGVYDRNLFKKLDRVCEDCYNLYRKPFVATTCRENCYSNWVFRQCLDDLLLSDVIDEYVSNVQMVamide,8579.0623
216,pQIYDTSCKGVYDRALFNDLEHVCDDCYNLYRTSYVASACRNNCFENEVFDVCVYQLYFPNHEEYLRSRDGLKG,8631.8672
217,pEVFDQACKGVYDRNLFKKLNRVCEDCYNLYRKPFIVTTCRENCYSNRVFRQCLDDLLMIDVIDEYVSNVQMVamide,8634.1555
218,RYVFEECPGVMGNRAVHGKVTRVCEDCYNVFRDTDVLAGCRKGCFSSEMFKLCLLAMERVEEFPDFKRWIGLLNAamide,8652.186
219,pQIYDTSCKGVYDRALFSDLEHVCDDCYNLYRSSYVASECRRNCYSNVVFRQCMEELLLLMEEFDKYARAVQIVamide,8660.0144
220,SYIENTCRGVMGNRDIYKKVVRVCEDCTNIFRLPGLDGMCRDRCFNNEWFLVCLKAANRDDELDKFKVWISILNPGL,8987.4207
221,SFIDNRCRGVMGNRDIYKKVVRVCEDCTNIFRLGLDGMCRNRCFYNEWFLICLKAANREDEIEKFRVWISILNAGQ,9022.4591
222,ASAWFTNDECPGVMGNRDLYEKVAWVCNDCANIFRNNDVGVMCKKDCFHTMDFLWCVYATERHGEIDQFRKWVSILRAamide,9136.2264
223,ASAWFTNDECPGVMGNRDLYEKVAWVCNDCANIFRNNDVGVMCKKDCFHTMWFLWCVYATERHGEIDQFRKWVSILR,9137.2257
224,RVINDECPNLIGNRDLYKKVEWICEDCSNIFRKTGMASLCRRNCFFNEDFVWCVHATERSEELEDLEEWVGILGAGRD,9154.3147
225,RVINDDCPNLIGNRDLYKKVEWICEDCSNIFRNTGMATLCRKNCFFNEDFLWCVYATERTEEMSQLRQWVGILGAGRE,9195.3599
226,RVINDDCPNLIGNRDLYKRVEWICEDCSNIFRNTGMATLCRKNCFFNEDFLWCVYATERTEEMSQLRQWVGILGAGRE,9223.3661
227,RRINNDCQNFIGNRAMYEKVDWICKDCANIFRQDGLLNNCRSNCFYNTEFLWCIDATENTRNKEQLEQWAAILGAGWN,9236.2964
228,RRINNDCQNFIGNRAMYEKVDWICKDCANIFRKDGLLNNCRSNCFYNTEFLWCIDATENTRNKEQLEQWAAILGAGWN,9236.3328
229,SFFEDINCKGLYDKSIFARLDRICQDCYSLYREPELHTLCRKNCFTTNYFKGCLDALLINDEKDIQRVMKDISIIHQIPI,9491.7107
230,QTFQYSRGWTN,1387.6389
231,PGGLVHPVE,904.4887
232,FLSQDHSV,932.4472
233,RSAEGLGRMamide,975.5153
234,GFLSQDVHS,989.4687
235,RSAEGLGRMG,1033.5207
236,FLSQDHSVN,1046.4901
237,PLGFLSQDHS,1100.5371
238,GFLSQDHSVN,1103.5116
239,RSVEGVSRME,1149.5681
240,RGFEGETGHPN,1200.5392
241,PLGFLSQDHSV,1199.6055
242,LGFLSQDHSVN,1216.5957
243,SLKSDTVTPLR,1216.6896
244,SDTVTPLRGFE,1221.611
245,SLKSDTVTPLLG,1230.694
246,RSAQGLGKMER,1232.6528
247,LSSSNSPSSTPLG,1233.5957
248,SVEGVSRMEKL,1234.646
249,DLKSDTVTPLR,1244.6845
250,ASLKSPTVTPLR,1269.7525
251,ASLKSDTVTPLR,1287.7267
252,STPLGFLSQDHS,1288.6168
253,TPLGFLSQDHSV,1300.6532
254,RSAEGLGRMGRL,1302.7059
255,KLLSSSNSPSSTP,1304.6692
256,PLGFLSQDHSVN,1313.6484
257,KLLSSISPSSTPL,1329.7624
258,RSAQGMGKMEHL,1344.6511
259,LLSSSNSPSSTPL,1289.6583
260,RSAQGLGKM(O)ERL,1361.7318
261,RSVEGASRMEKL,1362.7158
262,RSAQGMGKMERL,1363.6933
263,SSTPLGFLSQDHS,1375.6488
264,PLGDLSGSLGHPVE,1377.7009
265,RSAEGLGRVGRLL,1383.8179
266,RSVEGVSRMEKL,1390.7471
267,LASLKSDTVTPLR,1400.8108
268,TPLGFLSQDHSVN,1414.6961
269,RSAEGLGRMGRLL,1415.79
270,KLLSSISPSSMPLG,1416.7767
271,KLLSSSNSPSSTPL,1417.7533
272,RSAQGMGKMEHLL,1457.7352
273,RSAQGLGKMERLL,1458.8209
274,KLLSSSNSPSSTPLG,1474.7748
275,TPLGDLSGSLGHPVE,1478.7485
276,STPLGFLSQDHSVN,1501.7281
277,RSVEGASRMEKLL,1475.7999
278,RSTPGYGRMDRIL,1521.7955
279,RSAQGMGKMEHLLA,1528.7723
280,RSAQGLGKMERLLA,1529.8581
281,SMPLGFLSQDHSVN,1531.721
282,KLLSSISPSSTPLGF,1533.8523
283,RSTQGYGRMDPIL,1493.7529
284,RSVEGASRMEKLLS,1562.8319
285,RSVEGASRMEKLLT,1576.8476
286,SSTPLGFLSQDHSVN,1588.7602
287,RSVEGVSRMEKLLS,1590.8632
288,NTPLGDLSGSLGHPVE,1592.7915
289,RSVEGVSRMEKLLT,1604.8789
290,RSAQGLGKMERLLAS,1616.8901
291,KLLSSSNSPSSTPLGF,1621.8432
292,PSAALAVEHGTTHPLE,1629.8231
294,TPLRGFEGETGHPLE,1639.8075
295,KLLSSISPSSTPLGFL,1646.9363
296,RSVEGASRMEKLLSS,1649.8639
297,RSTPGYGRMDRILAA,1663.8697
298,NSPSSTPLGFLSQDHS,1673.7766
299,PSSTPLGFLSQDHSVN,1685.8129
300,RSTQGYGRMDRILAA,1694.8755
301,KLLSSSNSPSSTPLGFL,1734.9272
302,SISPSSTPLGFLSQDHS,1759.8497
303,RSAQGLGKMEHLLASY,1760.9112
304,ISPSSMPLGFLSQDHSV,1801.8789
305,RSAQGLGKMERLLASY,1779.9534
306,RSAQGLGKYLRLLASY,1796.0177
307,RSAQGLGKMERLLVSY,1807.9847
308,SSISPSSTPLGFLSQDHS,1846.8817
309,SSNSPSSTPLGFLSQDHS,1847.8406
310,SISPSSTPLGFLSQDHSV,1858.981
311,SNSPSSTPLGFLSQDHSV,1859.877
312,KLLSSISPSSTPLGFLSQ,1862.027
313,ISPSSMPLGFLSQDHSVN,1915.9218
314,NSPSSTPLGFLSQDHSVN,1886.8897
315,SSISPSSTPLGFLSQDHSV,1945.9502
316,SSNSPSSTPLGFLSQDHSV,1946.909
317,SISPSSTPLGFLSQDHSVN,1972.9611
318,ALEPNTPLGDLSGSLGHPVE,2003.008
319,SSSNSPSSTPLGFLSQDHSV,2033.9411
320,LSSSNSPSSTPLGFLSQDHS,2047.9567
321,LSSISPSSTPLGFLSQDHSV,2059.0342
322,SSISPSSTPLGFLSQDHSVN,2059.9931
323,GALEPNTPLGDLSGSLGHPVE,2060.0295
324,SSNSPSSTPLGFLSQDHSVN,2060.952
325,RSVEGVSRMEKLLSSISPS,2062.0961
326,SPMEPSAALAVEHGTTHPLE,2073.991
327,RSVEGASRMEKLLSSSNSPS,2122.0557
328,LSSSNSPSSTPLGFLSQDHSV,2147.0251
329,SSSNSPSSTPLGFLSQDHSVN,2147.984
330,LLSSISPSSTPLGFLSQDHSV,2172.1183
331,LSSISPSSTPLGFLSQDHSVN,2173.0772
332,TSPMEPSAALAVEHGTTHPLE,2175.0387
333,RGALEPNTPLGDLSGSLGHPVE,2216.1306
334,LLSSSNSPSSTPLGFLSQDHSV,2260.1092
335,LSSSNSPSSTPLGFLSQDHSVN,2261.068
336,LLSSISPSSTPLGFLSQDHSVN,2286.1612
337,KLLSSSNSPSSTPLGFLSQDHS,2289.1357
338,KLLSSISPSSTPLGFLSQDHSV,2300.2133
339,LLSSSNSPSSTPLGFLSQDHSVN,2374.1521
340,YRGALEPNTPLGDLSGSLGHPVE,2379.1939
341,KLLSSSNSPSSTPLGFLSQDHSV,2388.2041
342,KLLSSISPSSTPLGFLSQDHSVN,2414.2562
343,KLLSSISPSSMPLGFLSQDHSVN,2444.249
344,RSVEGVSRMEKLLSSISPSSMPL,2490.3055
345,KLLSSSNSPSSTPLGFLSQDHSVN,2502.2471
346,RASQGLGKMERLLASRGALEPN,2354.2721
347,RSVEGVSRMEKLLSSISPSSTPLG,2517.3341
348,EKLLSSISPSSTPLGFLSQDHSVN,2543.2988
349,RSVEGVSRMEKLLSSISPSSMPLG,2547.3269
350,RSVEGASRMEKLLSSSNSPSSTPLG,2577.2937
351,MEKLLSSSNSPSSTPLGFLSQDHSV,2648.2872
352,LASYRGALEPNTPLGDLSGSLGHPVE,2650.3471
353,LASYRGAVEPNTPLGDLPGGLVHPVE,2658.3886
354,MEKLLSSSNSPSSTPLGFLSQDHSVN,2762.3302
355,RSVEGASRMEKLLSSSNSPSSTPLGF,2724.3621
356,LLASYRGALEPNTPLGDLSGSLGHPVE,2763.4312
357,RSVEGVSRMEKLLSSISPSSTPLGFL,2777.4866
358,RSVEGASRMEKLLSSSNSPSSTPLGFL,2837.4462
359,RSVEGVSRMEKLLSSISPSSTPLGFLSQ,2992.5772
360,RSVEGASRMEKLLSSSNSPSSTPLGFLSQ,3052.5368
361,WSVDGLARIEKLLSTSSSASAASPTRGQALNL,3286.739
362,WSLDGLARIEKLLSTSSSASAASPTRGQALNL,3300.7546
363,SVEGVSRMEKLLSSISPSSTPLGFLSQDHSVN,3388.7053
364,RSVEGASRMEKLLSSSNSPSSTPLGFLSQDHS,3391.6547
365,RSVEGVSRMEKLLSSISPSSTPLGFLSQDHSV,3430.7635
366,RSVEGVSRMEKLLSSISPSSMPLGFLSQDHSV,3460.7563
367,RSVEGASRMEKLLSSSNSPSSTPLGFLSQDHSV,3490.7231
368,RSVEGSSRMERLLSSGSSSSEPLSFLSQDQSVS,3516.6871
369,RSVEGASRMEKLLSSISPSSTPLGFLSQDHSVN,3516.7751
370,RSVEGSSRMERLLSSGSSSSEPLSFLSQDHSVS,3525.6874
371,RSVEGASRMEKLLSSISPSSTPLGFLSQEHSVN,3530.7908
372,RSVEGSSRMERLLSSGSSSSEPLSFLSQDQSVN,3543.698
373,RSVEGVSRMEKLLSSISPSSTPLGFLSQDHSVN,3544.8064
374,RSVEGVSRMEKLLSSISPSSMPLGFLSQDHSVN,3574.7992
375,RSVEGASRMEKLLSSSNSPSSTPLGFLSQDHSVN,3604.766
376,RSVEGASRMEKLLSSSNSPSSTPLGFLSQEHSVN,3618.7817
377,AQGLGKMERLLASYRGALEPNTPLGDLSGSLGHPVE,3733.933
378,SAQGLGKMERLLASYRGALEPNTPLGDLSGSLGHPVE,3820.965
379,RSAEGFGRMGRLLASLKADSLGPVQDFGVEGAAHPVE,3824.9501
380,RSAEGLGRMGRLLASLKSDTVTPLRGFEGETGHPLE,3838.0028
381,RSAQGLGKMEHLLASYRGALEPNTPLGDLSGSLGHPVE,3958.024
382,RSAQGLGKMERLLASYRGALEPNTPLGDLSGSVGHPVE,3963.0505
383,RSAQGMGKMERLLASYRGALEPSTPLGDLSGSLGHPVE,3968.0117
384,RSAQGMGKMEHLLASYRGALESNTPTGDLPGGLVHPVE,3975.9804
385,RSAQGLGKMERLLASYRGALEPNTPLGDLSGSLGHPVE,3977.0662
386,RSAQGMGKMEHLLASYRGALESNTPLGDLPGGLVHPVE,3988.0168
387,RSAQGLGKMERLLVSYRGAVEPNTPLGDLSGSLGHPVE,3991.0818
388,RSAQGMGKMERLLASYRGAVEPNTPLGDLPGGLVHPVE,4003.0641
389,RSAQGMGKMERLLASYRAAVEPNTPLGDLPGGLVHPVE,4017.0797
390,RSTPGYGRMDRILAALKTSPMEPSAALAVEHGTTHPLE,4061.0695
391,RSTQGYGRMDRILAALKTSPMEPSAALAVENGTTHPLE,4069.0594
392,RSTQGYGRMDRILAALKTSPMEPSAALAVQHGTTHPLE,4091.0913
393,RSTQGYGRMDRILAALKTSPMEPSAALAVEHGTTHPLE,4092.0753
394,RSAEGFGRMERLLASIRGGADSMGHLGELTGAGEGAGHPLE,4150.0305
395,KIFEPLR,902.5458
396,YKIFEPL,909.50803
397,KIFEPLVA,916.5502
398,YKIFEPLR,1065.60914
399,YKIFEPLRE,1194.6517
400,KIFEPLRDKN,1259.7106
401,YKIFEPLRES,1281.68376
402,KIFEPLRDKNL,1372.7947
403,KIFEPLREDNL,1373.74234
404,YKIFEPLRESN,1395.72669
405,YKIFEPLRESNL,1508.81076
406,DPSPEPFNPNYNRFRQKIPRIamide,2584.3531
407,AVAANRKVSICIKNCGQCKKMYTDYFNGGLCGDFCLQTEGRFIPDCNRPDILIPFFLQRLE,6932.3887
408,AFSPWAamide,677.3406
409,DFSAWAamide,695.31475
410,ASFSPWGamide,750.357
411,YFSPWGamide,755.3511
412,PAFSPWGamide,760.3777
413,VAFSPWGamide,762.39334
414,pEAFSPWAamide,789.3566
415,VRFSPWGamide,847.4573
416,KVKFSAWGamide,921.5305
417,DYMGWMDFamide,1063.4012
418,pQDLDHVFLR,1125.5687
419,APRCDRHDEEAPKNCKYGTTQDWCKNGVCAKGPGETCGGYRWSEGKCGEGTPCSCGICGGCSPFDGKCGPTSIC,7708.2104
420,EIDRSGFGF,1027.4843
421,NFDEIDRSA,1066.48
422,EIDRSGFGFA,1098.52145
423,FDEIDRSGFG,1142.5113
424,FDEIDRSGFA,1156.5269
425,EIDRSSFGFN,1171.53783
426,FDEIDRSSFA,1186.5375
428,NFDEIDRSGF,1199.53274
429,SSEDMDRLGFG,1213.50414
430,DEIDRSGFGFA,1213.54839
431,SSEDMDRLGFA,1227.531
432,NFDEIDRSSFamide,1228.5593
433,NFDEIDRSGFG,1256.55421
434,DFDEIDRSGFG,1257.5382
435,NFDEIDRSGFA,1270.56986
436,DFDEIDRSGFA,1271.5539
437,VYGPRDIANLY,1280.66336
438,NFDEIDRSSFG,1286.56477
439,DFDEIDRSSFG,1287.5488
440,NFDEIDRSSFA,1300.58042
441,DFDEIDRSSFA,1301.5644
442,FDEIDRSGFGFA,1360.6168
443,NFDEIDRSGFGF,1403.62262
444,NFDEIDRSSFGF,1433.6332
445,NFDEIDRAGFGFA,1458.66482
446,SSEDMPSSLGFGFN,1474.61549
447,NFDEIDRSGFGFA,1474.65973
448,DFDEIDRSGFGFA,1475.6437
450,NFDEIDRSGFGFV,1502.69103
451,DFDEIDRSGFGFV,1503.67505
452,DFEDIERSGFGFV,1517.6907
453,NFDEIDRSSFGFA,1504.6703
454,DFDEIDRSSFGFA,1505.6543
455,NFDEIDRSGFGFN,1517.66555
456,NFDEIDRSSFGFV,1532.7016
457,DFDEIDRSSFGFV,1533.6856
458,NFDEIDRSGFGFH,1540.68153
459,NFDEIDRSSFGFN,1547.67611
460,DFDEIDRSSFGFN,1548.6601
461,NFDEIDRTGFGFH,1554.69718
462,TPRDIANLYamide,1061.5738
463,FDAFTTGFamide,904.41994
464,FPAFTTGFGSH,1168.5422
465,FDAFTTGFGHS,1186.51636
466,FDAFTTGFGHN,1213.52726
467,YGGFL,556.27658
468,YGGFM,574.233
469,HIGSLYR,845.4633
470,KPKTEKK,858.5407
471,DLPKVDTALK,1099.6358
472,GPSGGFNGALAR,1103.5592
473,AVLLPKKTEKK,1254.8144
474,EVEEPEAPAPPAK,1363.674
475,pQELHVPEREA,1190.58
476,NSGMINSILGIPRVMTEAamide,1901.9936
477,NSELINSLLGIPKVMNDAamide,1927.0317
478,NSELINSILGLPKVMNDAamide,1927.03172
479,NSELINSILGLPKVMNEAamide,1941.0474
480,NSELINSLLGISRLMNEAamide,1973.0484
481,QEVNVSEREAVATLAAHILKVVCAPLEGAGGLPHKRNSELINSILGLPKVMNEAamide,5685.0731
482,QELHVPEREAVANLAARILKIVHAPHDAAGVPHKRNSELINSLLGISALMNEAamide,5712.1031
483,QREPTASKCQAATELAIQILQAVKGAHTGVAAGPHKRNSELINSLLGLPKFMIDAamide,5792.1215
484,QDLKYQAREMVAELAQQIYRVAQAPQAGAVGPHKRNSELINSILGLPKVMNDAamide,5829.0803
485,DSSLKYFEREVVSELAAQILRVAQGPSAFVAGPHKRNSELINSLLGIPKVMTDAamide,5851.1327
486,QELKYPEREVVAELAAQIYRVAQAPWAGAVGPHKRNSELINSILGLPKVMNEAamide,5853.1385
487,QDLKYQEREMVAELAQQIYRVAQAPWAGAVGPHKRNSELINSILGLPKVMNDAamide,5945.1065
488,QEDLKYFEREVVSELAAQILRVAQGPSAFVAGPHKRNSELINSLLGIPKVMNDAamide,5947.1651
489,QELKYQEREMVAELAQQIYRVAQAPWAAAVGPHKRNSELINSILGLPKVMNDAamide,5973.1378
490,QDLNPTEKEVLSNMLDFLQRHSRTTYMFPLLSESKRNSELINSLLGAPRVLNNAamide,6199.2179
491,QSRDFSISEREIVASLAKQLLRVARMGYVPEGDLPRKRNAELINSLLGVPRVMSDAamide,6250.3816
492,RYLPT,649.36679
493,FSPRLamide,618.37221
494,LYFAPRLamide,878.5247
495,TSFAFSPRLamide,1024.5574
496,SGGFAFSPRLamide,1037.55269
497,TNFAFSPRLamide,1051.56834
498,TDGFAFSPRLamide,1109.5738
499,NFLRFamide,695.39876
500,EFLRFamide,710.3984
501,GPFLRFamide,735.4301
502,RARPRFamide,801.49545
503,HVFLRFamide,817.4832
504,LRNLRFamide,817.51552
505,ASNNLRFamide,820.4424
506,RSFLRFamide,824.48897
507,MPYLRFamide,825.444
508,GNSFLRFamide,839.4522
509,RNFLRFamide,851.49987
510,pQGNFLRFamide,863.4522
511,RQFLRFamide,865.5155
512,DPSFLEFamide,853.409
513,PSLRLRFamide,887.55738
514,LTRPLRFamide,901.573
515,LNFTHKFamide,905.4992
516,PSMRLRFamide,905.5138
517,LNPFLRFamide,905.53558
518,GRNFLRFamide,908.52133
519,THPFLRFamide,916.5152
521,ETNFLRFamide,925.489
522,SKNYLRFamide,926.52066
523,ELNFLRFamide,937.5254
524,NRSFLRFamide,938.5319
525,SRNFLRFamide,938.5319
526,LNRSFLRFamide,1051.616
527,APALRLRFamide,942.59958
528,PGVNFLRFamide,948.5414
529,TRNFLRFamide,952.54755
530,SRNYLRFamide,954.5268
531,FDDFLRFamide,958.4781
532,pQRNFLRFamide,962.5319
533,NRNFLRFamide,965.54279
534,DRNFLRFamide,966.52681
535,GPKNFLRFamide,977.5679
536,NPSNFLRFamide,993.5265
537,NPSDFLRFamide,994.5105
538,SGRNFLRFamide,995.55336
539,GPRNFLRFamide,1005.57409
540,LRQFLRFamide,978.5996
541,PKSNFLRFamide,1007.5785
542,ADKNFLRFamide,1009.5578
543,APRNFLRFamide,1019.58974
544,GNRNFLRFamide,1022.56462
545,GDRNFLRFamide,1023.54827
546,DHVPFLRFamide,1029.5629
547,AHKNFLRFamide,1031.5897
548,NQPNFLRFamide,1034.553
549,SPRNFLRFamide,1035.5847
550,GPPSLRLRFamide,1041.63163
551,GHRNFLRFamide,1045.5802
552,APQGNFLRFamide,1048.5687
553,YAIAGRPRFamide,1049.60031
554,SDRNFLRFamide,1053.55884
555,LTHPFLRFamide,1029.5992
556,AHRNFLRFamide,1059.5959
557,DRNFVLRFamide,1065.5952
558,TNRNFLRFamide,1066.59047
559,LETNFLRFamide,1038.5731
560,SDRNYLRFamide,1069.55375
561,TNYGGFLRFamide,1073.5527
562,LELNFLRFamide,1050.6095
563,DGGRNFLRFamide,1080.56974
564,LPGVNFLRFamide,1061.6255
565,ENRNFLRFamide,1094.5854
566,LFDDFLRFamide,1071.5622
567,GAHKNYLRFamide,1104.60612
568,AQPSMRLRFamide,1104.60949
569,APNKNFLRFamide,1105.6265
570,SMPSLRLRFamide,1105.62989
571,LNRNFLRFamide,1078.6269
572,LDRNFLRFamide,1079.6109
573,YEQDFLRFamide,1116.5473
574,SMPTLRLRFamide,1119.6455
575,SQPSMRLRFamide,1120.60441
577,AYPSLRLRFamide,1121.65782
578,RDRNFLRFamide,1122.62792
579,TGNRNFLRFamide,1123.6119
580,GLSRNYLRFamide,1124.6323
581,DGPLAPFLRFamide,1131.6309
582,VSHNNFLRFamide,1132.60104
583,LNPSNFLRFamide,1106.6105
584,SQGLNSDLRFamide,1135.5854
585,EFVDPNLRFamide,1135.5894
586,DGNRNFLRFamide,1137.5912
587,YSQVSRPRFamide,1138.6116
588,GYSKNYLRFamide,1146.60545
589,LGRPNFLRFamide,1118.6582
590,EMPSLRLRFamide,1147.6405
591,APQRNFLRFamide,1147.64832
592,ALDRNFLRFamide,1150.648
593,GYNRSFLRFamide,1158.61669
594,YGNRPHLRFamide,1158.6279
595,QYFMRLFRamide,1159.6193
597,FEPSLRLRFamide,1163.6684
598,LGDRNFLRFamide,1136.6323
599,YSLRARPRFamide,1164.67487
600,AYNRSFLRFamide,1172.63234
601,FTSKNYLRFamide,1174.6368
602,ARPRNFLRFamide,1175.6909
603,LNQPNFLRFamide,1147.6371
604,LSPRNFLRFamide,1148.6687
605,SENRNFLRFamide,1181.61742
606,LTNRNFLRFamide,1179.6745
607,DQNRNFLRFamide,1208.62831
608,DENRNFLRFamide,1209.6123
609,LTNYGGFLRFamide,1186.6368
610,NYDKNFLRFamide,1215.62692
611,pEDVVHSFLRFamide,1230.6266
612,SQPSKNYLRFamide,1238.664
613,GYGDRNFLRFamide,1243.63307
614,DRTPALRLRFamide,1243.7382
616,HDSPHVFLRFamide,1253.6538
617,LYEQDFLRFamide,1229.6313
618,AYSNLNYLRFamide,1259.65313
619,LTGNRNFLRFamide,1236.696
620,HDLVQVFLRFamide,1272.7212
621,EPLDHVFLRFamide,1271.6895
622,pQDLDHVFLRFamide,1271.6531
623,HPLSFVSALRFamide,1272.7212
624,pQDNDHVFLRFamide,1272.612
625,YGSDRNFLRFamide,1273.6436
626,LDGPLAPFLRFamide,1244.715
627,DTSTPALRLRFamide,1275.7168
628,AYSDRNFLRFamide,1287.6593
629,GYSVGLNYLRFamide,1287.6844
631,LAPQRNFLRFamide,1260.7324
632,GYSDRNYLRFamide,1289.63855
633,DGRTPALRLRFamide,1300.75966
634,AYSDRNYLRFamide,1303.6542
635,LAYNRSFLRFamide,1285.7164
636,DARTAPLRLRFamide,1314.7753
637,DVRTPALRLRFamide,1342.80661
638,pQFDEY(sulf)GHMRFamide,1391.5143
639,GGGEYDDYGHLRFamide,1484.65332
640,KPDPSQLANMAEALKYLEQELDKYYSQVSRPRFamide,3913.9905
641,pEVNFSPGWamide,917.4152
642,pELNFSSGWamide,921.4101
643,pEVNFSTGWamide,921.4101
645,pEINFSPGWamide,931.4308
646,pQLNFSPGWamide,930.4468
647,pELNFSTGWamide,935.4258
648,pEVNFSPSWamide,947.4258
649,pEVNFSTSWamide,951.4207
650,pELNFSPSWamide,961.4414
651,FVGGSRYamide,784.41005
652,FVNSRYamide,784.41005
653,FYANRYamide,832.41005
654,GFVSNRYamide,841.4315
655,FYSQRYamide,862.42061
656,IFVGGSRYamide,897.4941
657,RFVGGSRYamide,940.51116
658,SGFYAPRYamide,959.4734
659,SGFYANRYamide,976.46354
660,SGFYADRYamide,977.4476
661,LGFVSNRYamide,954.5156
662,RFYANRYamide,988.5112
663,VGFYANRYamide,988.4999
664,LFYSQRYamide,975.5047
665,SRFVGGSRYamide,1027.5432
666,EWYSQRYamide,1030.4741
667,pQGFYSQRYamide,1030.4741
668,PAFYSQRYamide,1030.5105
669,SSRFVGGSRYamide,1114.57522
670,LSGFYANRYamide,1089.5476
671,LEWYSQRYamide,1143.5582
672,LSSRFVGGSRYamide,1227.6593
674,RKPPFNGSIFamide,1161.65274
675,GYRKPPFNGSIFamide,1381.73753
676,AYRKPPFNGSIFamide,1395.75318
677,VYRKPPFNGSIFamide,1423.78448
678,APSFGQamide,605.3042
679,GFLGMRamide,679.3708
680,SGFLGMRamide,766.40285
681,APSGFLGM,779.3756
682,PSGFLGMRamide,863.4556
686,APSGFLGMR,935.4767
687,TPSGFLGMRamide,964.5033
689,APSGFLGMRG,992.4982
690,YPSGFLGMRamide,1026.5189
694,pEVNFSPGWamide,917.4152
695,pELNFSSGWamide,921.4101
696,pEVNFSTGWamide,921.4101
697,pELNFSPGWamide,931.4308
698,pELNFSTGWamide,935.4258
699,pEVNFSPSWamide,947.4258
700,pEVNFSTSWamide,951.4207
701,pELNFSPSWamide,961.4414
702,pELYAFPRVamide,976.5251
703,pEDVVHSFLRFamide,1230.6266
704,pEVRFRQCYFNPISCF,1891.8618
705,(X)YANRYamide,685.3416
706,pEINFSPGWamide,931.4308
707,EFDDY(sulf)GHMRFamide,1395.5092
708,TSGGEDDY(sulf)GQDDYGHLRFamide,2110.8043
709,ERAYSFGLa,941.4844
710,ERPYSGLa,820.4317
711,TSWFKFQGSWa,1272.6165
712,RVINDDCPNLIGNR,1598.8073
713,RVINDDCPNLIGNRD,1713.8342
714,KVEWICEDCSNIFR,1741.8041
715,VEWICEDCSNIFR,1613.7092
716,VINDDCPNLIGNR,1442.7061
717,VINDDCPNLIGNRDLYK,1961.9754
718,NTGMATLCR,966.4501
719,KNCFFNEDFLWCVYATER,2285.0159
720,NCFFNEDFLWCVYATER,2156.9209
721,RRINNDCQNFIGNRAMYE,2214.0296
722,VDWICKDCANIFR,1582.751
723,RINNDCQNFIGNR,1563.745
724,DCANIFR,838.3881
725,DCANIFRQDGLLNNCR,1851.8594
726,CANIFRKDGLLNNCRSNCFYNTE,2695.2179
727,INNDCQNFIGNR,1407.6439
728,QDGLLNNCR,1032.4896
729,SNCFYNTEFLWCIDATENTR,2427.0385
730,EQLEQWAAILGAGWN,1685.8287
731,QWAAILGAGWN,1186.6009
732,NSELINSLLGLSRLMNEA,1974.0329
733,PFNAFTG,753.3571
734,KHKNYLRFa,1104.643
735,GGRNFLRFa,965.5433
736,EGFYSQRYa,1048.4852
737,NFDELDRSGFGFH,1540.682
738,APSGFQ,606.2887
739,AAGLQNYDFG,1055.4793
740,AGLSALYSFGa,984.5154
741,ALTTLYAFGLamide,1068.6088
742,APRPYSFGLamide,1006.5469
743,GPPYSFGLa,836.4306
744,GSGQYAYGLGKAGQYSFGLa,1922.9401
745,NGSYPFGLa,853.4208
746,NVYSFGLamide,798.4145
747,QWLYSMFGLa,1143.5661
748,RNMYSFGLa,986.4882
749,THPTYSFGLa,1021.5107
750,TPQANSFGLamide,933.4789
751,AGWSSLKGAWamide,1061.5527
752,AWSNLQGAWa,1031.5063
753,RVINDDCPNLIGNRDLYKKVEWICDDCANIYRSTGMASLCRKDCFFNEDFLWCVRATERSEDLAQLKQWVTILGAGRI,9072.4188
754,EGRFa,507.2679
755,DDNFLRFa,925.4531
756,GHDFEVFLRFa,1265.6431
757,GNNFLRFamide,866.4631
758,GRPNFLRFa,1005.5746
759,NVGSHGFLRFamide,1132.601
760,PSDNFLRFa,994.511
761,YGAHVFLRFa,1108.6056
762,YGNRSFLRFa,1158.6172
763,DLDSVLDPSIFa,1219.621
764,ELGRF,621.336
765,SGYNANRYa,943.4386
766,FPAFTTGFGHS,1168.5427
767,SGYSFGLa,729.3571
768,HSPSYASSDFGLa,1266.5754
769,SGSYNFGLa,843.4001
770,PRAYSFGLa,909.4946
771,PKTYSFGLa,911.499
772,PRTYSFGLa,939.5052
773,ALGVYGDSRQNYDFGLa,1773.856
774,SPSDVSDSYTLa,1169.5326
775,ETIEEDEDDHTKMAADNKALPYPPSSSSSSSSSS,3599.5454
776,SVRDVGSEEEDK,1349.6184
777,ISDEEEEEED,1223.4439
778,TDSQYDNYN,1119.423
779,QEDVGFS,781.3368
780,DQDSDLE,821.3164
781,DDDSDVE,794.2692
782,EDDSDIE,822.3004
783,EDDSDVE,808.2848
784,ADEEDDEEEEEEEDEEEGLDVDVVEDLA,3224.2297
785,EPYGWSLLLWAWQERTLCI,2364.185
786,AWKEASNRLI,1187.6536
787,IRAWQ,673.3785
788,PLRFRAWQTTC,1378.7054
789,SL,219.1344
790,GGWNKFQGSWa,1165.5543
791,QDEGSGLAGAQA,1103.4969
792,TPDDTPEHGLQVSED,1639.7087
793,GEEIQDAEE,1019.4169
794,ADDMTEEAALQAAED,1579.6433
795,GDEVASEDDFQDGED,1627.5883
796,QDDLIHLQDLED,1453.681
797,TPDTLISA,817.4307
798,LPA,300.1923
799,VPDAPKEVSKGHEGGRLQ,1903.9989
800,AAASSASDTSEEELAALKDIILARLAAELDDSWQDLPSF,4120.0249
801,DLLKGDMDEEEDDEGDEGS,2097.7929
802,EDV,362.1563
803,MFAPLSGLPGNLRTI,1586.8728
804,LEDDGTLDAALINYLFAKQLVQRLRTPSEVSREAQ,3960.0825
805,HGPVKVGCLNYGHSCLGAHa,1947.9434
806,SVDKTEE,807.3736
807,ALPTRASVSCLLFSRRC,1879.9998
808,RPVTL,585.3724
809,DIDSLLERKI,1201.6792
810,SDPKLEGLASGSELNDNKNVLAEARLWEQLQSEMETMRLLAS,4673.319
811,IDGRPTY,821.4157
812,SLNHPQHDCTHSAQTIDHKVTCTQL,2814.3051
813,GPVYPQHTASPVQSQALPGEAKQL,2503.2945
814,GLDMGLGRGFSGSQAAKHLMGIAAANYAGGPa,2974.4779
815,AKELEKFVRSSSGA,1508.8072
816,ESEAATIDQHHDDHHLAVQQHSAAAAAAAPAGLSPHSS,3835.7772
817,SSGLSLSIDASMKVLREALYLEIARKKQRQQLQRAQHNKALLNTIa,5118.8802
818,LSLEGVRGAHGPP,1289.6966
819,NPRYM,680.319
820,FTEYQPRNSAEANNNSNNRKA,2425.1245
821,DSRNS,578.2534
822,SVTNNNTNNNNNNNSLTSSTSTGTSTTPNNNNNNNNKLANNHNSGMF,4982.1576
823,AWPHSFS,831.3789
824,DVASQLVGVDQGVALQNARN,2054.063
825,SSSEEDKHRFa,1220.5654
826,SEED,479.1625
827,GDSSSVEDMDVLPETEDTIE,2167.9076
828,SVDRQLSEQKTRDAPVAPTATIHSPAKTQESHRS,3728.9068
829,AASPYNYVVLPSHGPAAWAQNFQPDQDDDLEEAVDGPDVA,4268.9324
830,SDEDDASDMMMMDPASYNRYV,2442.9198
831,IGSEFLa,664.367
832,MGSEFLa,682.3234
833,DEGVGEVA,775.3473
834,GGGSSRDPML,976.4522
835,YLLVAMAQPGPRYAAPQILSRGV,2471.3597
836,SPVVESPEVVESPEPGKTCESGSCVTEEDHDHADDL,3809.6281
837,EQLSFTGQYNEQEGSDGLQDEPD,2586.0755
838,VLGALSRSRLA,1142.7009
839,YLSLLMN,853.4493
840,AVG +,246.1454
841,HIGSLYRS,932.4953
842,HIGSLYRD,960.4903
843,HYSSLLRa,874.4899
844,HIGSLYLSED,1133.5478
845,FLGSVLRQDGRLPIWGF,1961.0761
846,SFGVQQDSDSDHNDALTLPAASPVEGIPSQSPQTQALE,3936.8375
847,HLSSLARNNAYPKDLRE,1984.0364
848,YFASLLKSRAFGDDSKLIPHNAAGDSEPHLQ,3384.6976
849,FYASLLKSDSPPQTAYLNSMFYRQD,2942.4034
850,HYSSLLRNGPLPFIQD,1856.9659
851,HFGSLLKSPSYRAISIPa,1872.0495
852,SPNAVEDPEDNPVRELEDIRDLSSGFDGDLDLHDRLVAAGVISPGLSVRGDTQDLEALLTAWYAAATSGQD,7534.6438
853,DEDSLYQDLNED,1455.5763
854,NEDNLLNLSED,1275.5704
855,DEDNSYYDLNED,1491.5399
856,DEDNLYYDLNED,1517.5919
857,DEDNMYQNLLED,1498.6007
858,DEDNFQGLSED,1268.4918
859,DEDNSQNLAED,1249.482
860,DEDNSQNLSED,1265.4769
861,DEDNTNSLSED,1238.466
862,LCGWKLANELNRVCKGVYNKPTVSTNALFYLKERGa,3984.1104
863,GLSAECCRKACSVSELAGYCY,2212.9499
864,SPRTLPEGEAVSEGE,1557.7396
865,VDLWPLGIELQFPPWTQAPADE,2522.2607
866,ANQIIESHQPDKPMEQSLGESQRLVFLTGPEASQVVSGLPRV,4572.352
867,CFITNCPPGa,950.4228
868,SGGLMSQLGRARTCTSCGPGLLGRCIGPDICCGPRIGCFLGSRET,4556.1697
869,LC,235.1116
870,TENMVPITCFNSDLKPCGRMQEa,2512.1456
871,PRFDLLSTSRDSWEEQ,1965.9306
872,SAWAa,433.2194
873,FNAWAa,607.2987
874,SDDNKSQKFSGGTENHNNEENQDQFLLW,3281.4371
875,DDAFHSPESRFHPWLa,1839.8566
876,QDLKYQEREMVAELAQQIYRVAQAPWAGAVGPH,3752.8971
877,SSFSPRPa,776.4055
878,GSGFAFSPRLa,1037.5532
879,GRSAFAFGPRPa,1161.6281
880,SNFAFAPRPa,1005.527
881,ANFAFAPRPa,989.5321
882,TNFAFAPRPa,1019.5426
883,DNFAFAPRPa,1033.5219
884,ATFAFAPRPa,976.5368
885,VDEDGVSSFPSSPLLHRLGSSAPWGHVAANPMTSLLAGHLNLQPPMHTIQERMS,5772.8477
886,PLRILTPGVP,1062.6675
887,NPNMAEVLDERN,1401.6432
888,DEITNLEEPEDTTSIPYRWWWPLVSV,3175.5264
889,AEEQTEVDLPYDYVAGDLYDTLDDDEEEIEDEEDEEGNAAVLQD,5008.0714
890,ADSSSETEQTQAGQTWWFGEAEGTPATTLPPFLPSRLE,4122.9208
891,AAAASGGGGGVGEAVSALHPSVVGAPGGVMPPGSSSSGDSCGPIPVSAVMHIYRLI,5098.5188
892,APPSMRLRFa,1073.6042
893,DMGWQVAQRSMPSLRLRFa,2177.1224
894,NVDQADPILDHDLV,1563.7654
895,GATFGEEDMASQEQ,1499.596
896,SGTDAVYEPGKSQALASVCQMAMEACTLWFPGAE,3548.5846
897,GSWPPSAPRTPATALLAPFLQGLATPRSPARSWQDKVMTQHRQHHQDQHLHHLEQQQQQQQQQQVFPAVYDEVALPRIPASLH,9476.8194
898,APIVDSSCKGQYSMYIWNKLYFVCEDCTNIFRTDGFEAQCRQGCFDTDIFAKCLRELSKDVNEYQIMATSLRGS,8520.9402
899,PLSLPPHHRLAPHNPDLIPDDQALALMSDPASRYEEGLLNELENPHSSSSYHLKQLISELADAITAAEELEGGAYGAPLPAEIAEAIVAAEGIEGGADGRPLPSDVAEAIAEAEAAAVMGGGLARPWED,13353.5928
900,APRCEKYDQPPPKHCKFGSTVDWCNNGICAKGPRESCGGYRWVDGKCGEGTFCSCGVCAGCSPFGGDCPVISPC,7777.3243
901,APRCAEYDREPPSDCKYGTAKDWCHNGICAQGPGDICGGYHDEKGVCGEGTYCDCGRCRGCSPFDTSCHPGQIC,7905.197
902,TPLCPERNEIAPEDLSQCKYGVVLGWCGNAACGKGPDEPCGGRWEENGICGEGMYCVCGYCAGCTSTLECVLGRFC,8027.4217
903,GPVCASLNEVLPEMLPPCRHGVVRDYCDNAMCMKGPGETCGGRWNENGFCGKGLYCVCGYCAGCSKDLQCALGRFC,8111.5138
904,MGIAARTMISGLVRETPMPLGLENVLVLTPSGLERENHMAGPYSFGLa,5024.5981
905,EEAAEIEDEYDQLGFa,1756.7548
906,GTWa,362.1823
907,AGWSSLQ +,748.3629
908,DY(so)DDSDVE,957.3325
909,ALPAQVKPDAAPLEEEDDLLYYTTYEDDY(so)GDHRA,3883.7826
910,SPINREPSRAVVEIDDPDY(so)VLELLTRFSNSII,3657.9127
911,SDAEEFGLPGGPLAFDNNVQEDDLTDY(so)PMEE,3414.4483
912,EDNLY(so3)HDLSED,1349.5497
913,DEDNLY(so3)HELSED,1478.5923
914,SLY(SO3)EQEGDEEEKSRSQLSSLLQQHQHQQQQQVSQILPNSPDSLTHWGANWDS,6110.7718
915,NEAVRLVQCDEEY(so3)La,1679.8062
916,VPADY(so3)DSLNDVYDWLADHAVN,2392.0733
917,DNNWSKFQGSWamide,1367.6127
918,QIYDSSCKGVYDRAIFNELEHVCDDCYNLYRNSRVASGCRSNCYSNMVIRQCMEDLLIMDNFEEYARKIQVV,8497.8881
919,QIYDSSCKGVYDRAIFNELEHVCDDCYNLYRNSRVASGCRENCFDNMMFETCVQELFYPEDMLLVRDAIRG,8371.7401
